Accuracy_train_h24_w256_ov64_300s,Loss_train_h24_w256_ov64_300s,Accuracy_train_h36_w256_ov64_300s,Loss_train_h36_w256_ov64_300s,Accuracy_train_h48_w256_ov64_300s,Loss_train_h48_w256_ov64_300s,Accuracy_train_h36-48_w256_ov64_300s,Loss_train_h36-48_w256_ov64_300s,Accuracy_train_h12-24_w128_ov64_40s,Loss_train_h12-24_w128_ov64_40s,Accuracy_train_h24-36_w128_ov64_40s,Loss_train_h24-36_w128_ov64_40s,Accuracy_train_h36-48_w128_ov64_40s,Loss_train_h36-48_w128_ov64_40s,Accuracy_train_h24-36-48_w128_ov64_40s,Loss_train_h24-36-48_w128_ov64_40s,Accuracy_train_h12-24-36-48_w128_ov64_40s,Loss_train_h12-24-36-48_w128_ov64_40s
0.402777791,0.707512736,0.416666687,0.723658264,0.401639313,0.642416179,0.608695686,0.671558499,0.400000006,0.715941191,0.403100789,0.700006604,0.58914727,0.687425017,0.402010053,0.656853735,0.396551728,0.753271461
0.402777791,0.708501995,0.416666687,0.704482466,0.401639313,0.670632839,0.608695686,0.704786539,0.400000006,0.718438476,0.403100789,0.70252803,0.58914727,0.678460628,0.402010053,0.672513813,0.396551728,0.72421509
0.402777791,0.69907858,0.427777797,0.708442827,0.415300518,0.680423439,0.608695686,0.692880233,0.400000006,0.707855999,0.467700263,0.696081618,0.58914727,0.665572365,0.467336675,0.68047905,0.396551728,0.713843882
0.437500015,0.700833872,0.433333352,0.705736339,0.453893416,0.68190974,0.608695686,0.696749032,0.45000001,0.698264077,0.5,0.69377102,0.61240308,0.673951358,0.496231154,0.682979628,0.398706898,0.711333588
0.48055557,0.698154593,0.463333356,0.700192082,0.443442595,0.679107833,0.600000024,0.690439332,0.475714296,0.697692657,0.480620158,0.6922616,0.609302306,0.673284245,0.499497485,0.688189983,0.42758621,0.705181563
0.479166682,0.70806845,0.483333359,0.699088544,0.464480847,0.682850281,0.613526593,0.694926818,0.483333344,0.696909765,0.503875971,0.693523198,0.577519362,0.68309024,0.51591289,0.689649473,0.456896553,0.706769149
0.462301599,0.699816201,0.509523835,0.702004799,0.461943767,0.684852455,0.61076607,0.694313186,0.481632663,0.696687264,0.517165005,0.694097076,0.579180492,0.68660278,0.52763818,0.686887681,0.471674877,0.70866985
0.453125011,0.697505228,0.52708336,0.699406847,0.475409809,0.689127468,0.617753647,0.686889336,0.485714298,0.698211245,0.527131781,0.694910362,0.564922463,0.686667204,0.535175867,0.686197005,0.480603449,0.704758078
0.466049396,0.701018572,0.535185211,0.699433572,0.485883398,0.690399746,0.621578124,0.671426952,0.488095247,0.695415179,0.534883718,0.695460558,0.559862173,0.671603402,0.542155206,0.689463291,0.488505748,0.699676414
0.486111125,0.704878241,0.548333359,0.696517164,0.490983579,0.692148817,0.611594224,0.698229313,0.498571435,0.697669184,0.541860461,0.694580716,0.555813941,0.696529084,0.536683404,0.690702122,0.495689654,0.70176397
0.498737387,0.697057128,0.553030328,0.701802324,0.489940359,0.691437618,0.606060624,0.686868435,0.490909097,0.6978458,0.548273428,0.695818478,0.549682864,0.698994626,0.538602092,0.691309203,0.500783698,0.703425765
0.513888903,0.692025224,0.55972225,0.693836833,0.48599724,0.692910617,0.612318859,0.689590529,0.500000007,0.696322933,0.542635654,0.695610399,0.552971564,0.697427427,0.54313232,0.696180155,0.493534481,0.701575483
0.523504287,0.688050591,0.566666695,0.696328819,0.487074373,0.691201632,0.608695668,0.676899199,0.49395605,0.692041058,0.540250443,0.696351542,0.548002374,0.698664358,0.537688434,0.694213101,0.497347479,0.698141433
0.531746045,0.677262017,0.571428601,0.694825164,0.491217769,0.690664538,0.611801258,0.675282193,0.493877558,0.694018892,0.537098557,0.696792871,0.549280164,0.682780743,0.534457996,0.692110121,0.493842363,0.697298403
0.537037049,0.673984063,0.577777807,0.692419179,0.496448058,0.690352201,0.616425137,0.676312693,0.497142865,0.695297396,0.532816533,0.694140482,0.550904379,0.680475481,0.538358452,0.693991752,0.497701148,0.697016346
0.539062513,0.675992686,0.577083364,0.685936689,0.497182349,0.689369556,0.61775364,0.682185482,0.500000009,0.695352927,0.529069763,0.693108872,0.555232545,0.674048863,0.533919591,0.693431038,0.494612068,0.696739044
0.541666678,0.672507546,0.574509835,0.684279999,0.49999997,0.689632921,0.618073334,0.680290587,0.502941186,0.694704519,0.531235744,0.690089836,0.562699484,0.676188234,0.530889736,0.694920617,0.493407707,0.697504415
0.543981491,0.667262548,0.581481513,0.685288466,0.502732209,0.689996994,0.610305975,0.687043014,0.504365088,0.692967163,0.527993103,0.689574023,0.560292838,0.673022495,0.526242316,0.69827141,0.489942527,0.696155177
0.548976617,0.666920471,0.589473715,0.682651921,0.503666923,0.692211835,0.615560657,0.685967546,0.503007528,0.694251509,0.525907786,0.690032426,0.567931443,0.6645167,0.524464421,0.702234974,0.490471868,0.6983354
0.549305566,0.663725734,0.589166698,0.680211228,0.506557347,0.691452163,0.619565234,0.678506017,0.50142858,0.692340773,0.524806195,0.687998456,0.567054252,0.670701909,0.522864315,0.701950493,0.487931034,0.698342654
0.552910063,0.65862306,0.592063523,0.680628808,0.507025731,0.691309321,0.62180816,0.67245503,0.500000009,0.692097289,0.521963818,0.688996412,0.573643399,0.671014686,0.520459433,0.700907594,0.488505747,0.697456769
0.554292938,0.664984348,0.597727304,0.681244674,0.508755558,0.693531343,0.625164707,0.664548915,0.502922085,0.689287159,0.521141643,0.686366309,0.578928811,0.68887985,0.517587933,0.699650767,0.486677116,0.699187192
0.557971023,0.663927788,0.600000032,0.680842091,0.510869535,0.69225692,0.628859499,0.66004446,0.501863362,0.691840545,0.518368717,0.686765163,0.577013807,0.683122438,0.519554286,0.698571081,0.485007496,0.695947043
0.561921305,0.657346264,0.602777809,0.675444635,0.512636583,0.693563456,0.631038663,0.655770118,0.499404769,0.691485018,0.515826869,0.685635842,0.581718334,0.682837086,0.516959791,0.700918419,0.483836206,0.698190436
0.565000008,0.656854918,0.605333364,0.673675404,0.510491775,0.694146805,0.633043494,0.646619817,0.499428579,0.687815056,0.516279066,0.684539633,0.582015492,0.689288626,0.515175872,0.701348872,0.480689654,0.698006158
0.566773512,0.653017537,0.60897439,0.679095202,0.511349278,0.694391588,0.635451521,0.648273483,0.498901106,0.686885332,0.516696478,0.684673795,0.585867608,0.689956035,0.515268644,0.700181234,0.477122015,0.694952405
0.567901242,0.653922394,0.611111142,0.684220506,0.512902219,0.693352289,0.639291481,0.647692454,0.497619055,0.683374429,0.517370081,0.685758251,0.589721491,0.679363372,0.512935039,0.697801661,0.479246487,0.697143411
0.569940483,0.651143478,0.613690508,0.684576652,0.513173275,0.693038366,0.642857158,0.643457152,0.49540817,0.682698062,0.517718713,0.68478007,0.592192679,0.668845666,0.51220387,0.696857197,0.478756157,0.697316314
0.571839087,0.652048236,0.616666699,0.681601674,0.513284314,0.693445136,0.646176926,0.647101609,0.495320204,0.680845511,0.517241377,0.684510862,0.595028056,0.67010592,0.510830006,0.697783441,0.478894173,0.695936571
0.572685191,0.655454199,0.619444478,0.677542798,0.514207622,0.692845249,0.648792285,0.645216239,0.494761912,0.679808654,0.517829456,0.683599486,0.597932805,0.670278583,0.509045219,0.69788002,0.476149425,0.696911728
0.573476708,0.655709282,0.623118312,0.675469445,0.514278132,0.692636586,0.651238911,0.642947111,0.495161297,0.680680194,0.516379093,0.684966099,0.601150275,0.661051755,0.508348186,0.696750747,0.475806452,0.695861247
0.575086811,0.650745098,0.623958366,0.678890161,0.514984603,0.691306124,0.651721029,0.638558238,0.493526792,0.679998601,0.515746122,0.683807945,0.60465115,0.663043541,0.507223612,0.694868203,0.473868534,0.69708948
0.577020207,0.652339591,0.625252558,0.681078703,0.516269222,0.689877806,0.648221357,0.637907936,0.494805201,0.681224897,0.514446791,0.683740329,0.605120965,0.667464689,0.508146788,0.696839647,0.474921629,0.696911051
0.578839874,0.652967284,0.62647062,0.674588885,0.517478276,0.690033005,0.649190124,0.636921351,0.493067232,0.681873437,0.516187868,0.683582364,0.604423152,0.66713136,0.5063553,0.697179964,0.474898579,0.698051149
0.579365084,0.650692227,0.627142889,0.673774069,0.517213088,0.690589179,0.651345769,0.647760794,0.491836739,0.680867597,0.51760797,0.683945843,0.607751926,0.671355161,0.506245508,0.694127532,0.473891625,0.697634484
0.579089512,0.64701296,0.628703737,0.672234592,0.51719032,0.69077024,0.652979079,0.642064326,0.493253974,0.682404472,0.516149867,0.684233288,0.611541762,0.679872083,0.50460636,0.693426867,0.473898467,0.694915498
0.579579585,0.646184564,0.627927961,0.671698704,0.517501081,0.691221189,0.652173927,0.64218179,0.491505797,0.681312516,0.514561069,0.684915894,0.612193577,0.67701022,0.503463257,0.692328002,0.474603914,0.695034957
0.581505853,0.643947233,0.630263191,0.674581794,0.517579784,0.689812522,0.651411151,0.642922764,0.490037599,0.682252992,0.513667887,0.684800272,0.613423082,0.675684475,0.503305998,0.692592197,0.475045372,0.692868098
0.581908837,0.644374248,0.630769263,0.672827129,0.517549364,0.690373474,0.652917145,0.646140002,0.487912092,0.681476407,0.515006953,0.686039539,0.614788302,0.668431381,0.502641407,0.692589928,0.475685234,0.6895724
0.582638893,0.648329896,0.632083367,0.673770794,0.517418007,0.690232001,0.653985521,0.647350712,0.486607147,0.680876605,0.515116275,0.685572962,0.615310068,0.662974546,0.501381904,0.691151448,0.475862069,0.688757513
0.582994584,0.646323599,0.634146375,0.673324014,0.517892816,0.689339239,0.653234373,0.642202423,0.485888506,0.679850033,0.51351862,0.683651055,0.615995453,0.656853124,0.500306404,0.692854717,0.476240538,0.687660794
0.583664025,0.64659285,0.635317494,0.674525531,0.518345016,0.690131176,0.655279517,0.638849519,0.485034017,0.679444645,0.514027313,0.682716354,0.617017341,0.66436053,0.50011964,0.692521785,0.47639573,0.68639148
0.582687343,0.644263882,0.636434143,0.673157702,0.518680873,0.690862973,0.655207294,0.632541863,0.484883725,0.679281566,0.514692624,0.681292467,0.617270588,0.665132214,0.498656065,0.691523395,0.476944667,0.686318619
0.583964651,0.647951879,0.637878823,0.66946188,0.518349452,0.692344915,0.655467735,0.629678211,0.484090913,0.678715039,0.515151513,0.680899509,0.617864685,0.659648427,0.497601638,0.689182038,0.476684953,0.685677054
0.584259263,0.64417036,0.639629665,0.667791307,0.518670283,0.69311937,0.654428356,0.629376272,0.483650798,0.676242375,0.51472868,0.680620167,0.619465969,0.653531977,0.496370737,0.691872213,0.476819923,0.686219807
0.585144931,0.642904955,0.641666701,0.667152466,0.519155354,0.691724392,0.655009467,0.633841837,0.484006215,0.674697961,0.513481629,0.680146439,0.620829111,0.654933599,0.496504255,0.68881916,0.477511244,0.687212787
0.585697403,0.639965928,0.643262446,0.665970455,0.519532585,0.691683773,0.655565849,0.628884016,0.48358663,0.672484253,0.513112319,0.680049535,0.622134247,0.656295911,0.496525173,0.687937451,0.478173147,0.686210802
0.585648151,0.637616968,0.644444479,0.665398452,0.519552568,0.692910219,0.656702913,0.624012182,0.484226195,0.673170711,0.513081394,0.679469013,0.624515494,0.654887425,0.495603009,0.685568741,0.478448275,0.686211548
0.585034017,0.641587358,0.643877585,0.667686653,0.520157215,0.69383195,0.658385108,0.618766706,0.483673474,0.673339053,0.512260716,0.679197275,0.620471435,0.665104017,0.495538913,0.686073666,0.477832512,0.685872397
0.585555559,0.643744139,0.644666702,0.664685924,0.520901611,0.693986962,0.659420304,0.614491839,0.483000004,0.672977418,0.512093021,0.678208338,0.621240301,0.660090237,0.494572859,0.685580871,0.478275862,0.685396709
0.589324622,0.645171276,0.646405263,0.667894686,0.522982936,0.693646159,0.659278219,0.615743826,0.485294122,0.672604367,0.513847325,0.675115932,0.621675018,0.661092747,0.495713858,0.685780747,0.481406356,0.685801437
0.593215816,0.645992907,0.647756445,0.666191608,0.525535911,0.694316222,0.659977718,0.613552296,0.486813191,0.674266592,0.514782953,0.680405509,0.622391167,0.658342341,0.497390795,0.684697033,0.483587533,0.685121183
0.597222226,0.646998345,0.647798777,0.6659548,0.527064618,0.693911881,0.660377373,0.614773262,0.489622646,0.674261082,0.515241058,0.68499403,0.622934028,0.659831786,0.499194079,0.682533043,0.485849057,0.685316132
0.598508235,0.643796863,0.647839541,0.665926751,0.528916183,0.693587172,0.663714454,0.616585772,0.491137571,0.673551881,0.515248168,0.687632786,0.623313228,0.65577121,0.499999996,0.682909653,0.487707535,0.685199409
0.601767681,0.641034461,0.649090944,0.665901271,0.5296572,0.692954901,0.666403178,0.613358162,0.492337667,0.672905542,0.514260701,0.690361749,0.624101473,0.652334921,0.501598899,0.682649396,0.489341694,0.685524057
0.605406751,0.640307869,0.649702416,0.663947813,0.530298567,0.692247192,0.669254674,0.61378859,0.492857148,0.672617578,0.515122117,0.688429984,0.623754146,0.649809936,0.50296123,0.68209165,0.491379311,0.685022192
0.605994157,0.63983023,0.650292433,0.662405545,0.53027032,0.692668728,0.667683717,0.616516969,0.493609027,0.670872274,0.515953308,0.6908931,0.623691004,0.653315029,0.503305999,0.681639764,0.492589232,0.685506501
0.60871648,0.639406438,0.648563253,0.661853729,0.530737677,0.692626062,0.666666682,0.617118727,0.494211827,0.671423004,0.515947648,0.691607037,0.623630039,0.654681807,0.505025121,0.680074039,0.493014269,0.684021696
0.609698687,0.642337456,0.645762747,0.660116046,0.532509002,0.692114837,0.667649242,0.612898596,0.494552063,0.672714492,0.514750442,0.692408927,0.624228084,0.654095788,0.504386334,0.678733086,0.492694331,0.684576564
0.611342598,0.643253485,0.643888924,0.657798909,0.532035491,0.691218304,0.668840595,0.613306446,0.495476195,0.672437428,0.516067101,0.692795186,0.624676996,0.657907021,0.506030146,0.679483428,0.49224138,0.68365798
0.612932609,0.642454995,0.643169433,0.658541171,0.533391534,0.690548842,0.669042543,0.616447893,0.496252933,0.673405546,0.516059854,0.692619077,0.625492433,0.653331203,0.506878651,0.679039259,0.493075184,0.684063474
0.615367388,0.641546819,0.643279604,0.658257358,0.533580088,0.690138644,0.669705485,0.615309436,0.496313369,0.673717394,0.517060904,0.694539809,0.625406346,0.649166617,0.507699785,0.678634173,0.493186875,0.683193922
0.618386248,0.641661355,0.644179929,0.657401894,0.534348137,0.689786259,0.670347381,0.615455615,0.496712023,0.674037725,0.515426009,0.694872551,0.623600339,0.646394954,0.508494852,0.678992141,0.492337165,0.683071219
0.618489588,0.641273509,0.642187535,0.656753339,0.534707964,0.68831103,0.666893131,0.614000278,0.497321433,0.672866365,0.515795329,0.694121095,0.622335266,0.650242731,0.509422107,0.679547273,0.492456897,0.683005924
0.620085475,0.63934916,0.642051317,0.656710231,0.535182822,0.688918444,0.666443717,0.612565415,0.496923082,0.671411875,0.516513863,0.696073317,0.622659506,0.650666068,0.509625045,0.679665367,0.492705571,0.681815093
0.62268519,0.637600207,0.642676803,0.655288697,0.535891676,0.688684313,0.662714113,0.616227146,0.497077927,0.671243417,0.517565736,0.69465099,0.620389941,0.651479533,0.510659354,0.681426357,0.493469175,0.681456212
0.62334163,0.637735722,0.640298543,0.656699951,0.536090013,0.687596548,0.663854655,0.613432456,0.4966951,0.67059684,0.518236396,0.693999984,0.620617836,0.651574463,0.510312754,0.68070091,0.492794648,0.681694389
0.624795756,0.636847725,0.638235329,0.656020118,0.537307108,0.686637968,0.665174781,0.613580099,0.49663866,0.670226271,0.518657552,0.69216633,0.62061103,0.651388096,0.510641439,0.680629525,0.493788033,0.682586776
0.626207734,0.637066648,0.63792274,0.656183421,0.537894959,0.686113062,0.663726122,0.616002372,0.496169777,0.668826885,0.518840052,0.690173925,0.618357483,0.650805933,0.510742113,0.68025921,0.494502749,0.682472306
0.628174608,0.635289094,0.637857177,0.657884132,0.538758753,0.686827538,0.665838524,0.612339268,0.496224494,0.668784847,0.519463765,0.688086379,0.615393129,0.650695357,0.511773148,0.678238251,0.495073892,0.682549084
0.630086077,0.636277196,0.63755872,0.656730348,0.539136429,0.687174236,0.667483174,0.612179163,0.4970825,0.669863045,0.520069909,0.685791266,0.614259194,0.649819215,0.512633587,0.677290264,0.496236038,0.681707972
0.631944449,0.634965825,0.637500034,0.656100978,0.539503615,0.686949577,0.668075699,0.609779783,0.497916671,0.669503938,0.519791161,0.68245209,0.613049091,0.650599793,0.513121157,0.678290981,0.496767243,0.679215186
0.633371389,0.634150238,0.637671267,0.655149073,0.538737901,0.68724341,0.669446113,0.6086679,0.498630142,0.669834041,0.520269193,0.67902717,0.612403096,0.652583774,0.512356298,0.677541543,0.496929619,0.679253367
0.634384388,0.632897329,0.638288323,0.655332864,0.539432847,0.687365425,0.670387793,0.605693319,0.498938229,0.669304202,0.520523156,0.682151531,0.612926876,0.654139993,0.512359089,0.677268218,0.497670085,0.678880456
0.635555559,0.631390669,0.636666702,0.654823321,0.540491774,0.688650746,0.669758468,0.608286841,0.500000005,0.668275863,0.521603681,0.683224156,0.610542631,0.658021103,0.512696813,0.676287797,0.498275863,0.680054466
0.63669591,0.630783733,0.63684214,0.656169569,0.540606097,0.687609738,0.671052646,0.608958511,0.500375945,0.668282192,0.521833402,0.681760751,0.610873109,0.659694309,0.513091771,0.677517133,0.49920599,0.680708776
0.637806641,0.630151463,0.638528174,0.653705996,0.541196479,0.686717811,0.672689643,0.606448643,0.500463826,0.667966895,0.52236154,0.680425367,0.610691629,0.661365185,0.513084901,0.67664641,0.49966413,0.678322564
0.63942308,0.631612188,0.639743625,0.654107733,0.541561551,0.687010898,0.671497598,0.604043214,0.500183155,0.66708617,0.522675815,0.678056908,0.610812955,0.658388967,0.513271482,0.677610437,0.500110523,0.677266702
0.640646979,0.632567479,0.639451511,0.654133631,0.541761747,0.685184104,0.672170257,0.605594036,0.500994579,0.667435484,0.523674381,0.680594614,0.610833084,0.659072636,0.513198902,0.677210803,0.500327369,0.677373953
0.640798615,0.633810803,0.640000035,0.654122348,0.542110627,0.685308862,0.674275376,0.602556582,0.502232147,0.666019323,0.524550326,0.683435316,0.610368212,0.65654563,0.513442207,0.676360251,0.500969829,0.675981629
0.641117973,0.637223896,0.640535015,0.65279587,0.54265328,0.686204854,0.674539287,0.604971639,0.50220459,0.665152066,0.525597544,0.685330311,0.610297631,0.654583173,0.514051736,0.676904645,0.501170712,0.676057066
0.641937673,0.63546147,0.64146345,0.653563089,0.542982778,0.685572542,0.676033948,0.606553044,0.502177705,0.665050409,0.525857025,0.686352712,0.609850628,0.655766665,0.51440127,0.677186563,0.501576956,0.675960558
0.643072292,0.634047364,0.642369513,0.65088424,0.543501847,0.685803706,0.676619535,0.609966787,0.502065409,0.664107461,0.52648676,0.685695733,0.610161572,0.65354413,0.514924014,0.676008067,0.501661821,0.675518404
0.644345241,0.634178769,0.641269876,0.652064065,0.544203717,0.685331435,0.675120786,0.612121445,0.502465991,0.664892229,0.526915489,0.687331289,0.610649682,0.656463045,0.515553957,0.675644551,0.501642037,0.675682903
0.64411765,0.632646232,0.640392192,0.651243704,0.544551562,0.683820412,0.674168811,0.615923656,0.503949584,0.664204573,0.527609865,0.687766331,0.609575919,0.657316744,0.516228196,0.675122442,0.501622719,0.676133396
0.64534884,0.631167729,0.640697709,0.651311892,0.544796006,0.68351947,0.673913057,0.616919886,0.504734224,0.664993817,0.52846978,0.689723853,0.609608793,0.658120507,0.516594597,0.673601119,0.501804331,0.674662566
0.645913158,0.630984562,0.640996203,0.649946818,0.545081938,0.684240769,0.674995849,0.615679648,0.505090316,0.664947064,0.528771133,0.688461304,0.609997323,0.662333319,0.516952575,0.673561522,0.501981768,0.673622995
0.646148994,0.630489849,0.642234884,0.649064611,0.545827094,0.683916951,0.67555996,0.615661769,0.505032472,0.663582005,0.529775864,0.689745097,0.610465112,0.667292655,0.517473728,0.673728476,0.502351098,0.674064523
0.647627969,0.630973574,0.64288393,0.646564431,0.546279212,0.683566408,0.676599915,0.61332373,0.505457469,0.663620358,0.53005577,0.691467915,0.609877185,0.667440031,0.517813783,0.675886743,0.502905851,0.672376293
0.647685189,0.629784675,0.643518554,0.647337865,0.546857894,0.682736662,0.675523362,0.616331913,0.505476195,0.664370974,0.530503067,0.691587733,0.610077516,0.66801669,0.518425456,0.673748527,0.503448276,0.672281848
0.648962153,0.628244429,0.64450553,0.647255036,0.546928452,0.683023763,0.675107514,0.617350053,0.50604396,0.665984116,0.529910314,0.690454314,0.610699375,0.665688545,0.518416252,0.67405769,0.503599849,0.672508363
0.65006039,0.628434215,0.64528989,0.644536442,0.547487497,0.681765553,0.675645885,0.618251627,0.506444104,0.665664892,0.530179631,0.690544553,0.611476235,0.666206014,0.518516491,0.673389357,0.504216642,0.672290559
0.650985667,0.629205806,0.644982114,0.643543627,0.547726041,0.681363929,0.675861007,0.617375635,0.506682032,0.664774754,0.530527162,0.68958273,0.611569555,0.668059545,0.519046843,0.672939209,0.50463478,0.6717505
0.651152486,0.628731651,0.645744716,0.642355063,0.548133908,0.680829297,0.674992304,0.614302099,0.507446813,0.66488415,0.530036182,0.687991525,0.611908293,0.667763346,0.518924405,0.673220262,0.505319149,0.670035561
0.651315794,0.627787322,0.64684214,0.640853132,0.547670376,0.680070135,0.674294445,0.617159998,0.508045117,0.664839159,0.52897988,0.686770166,0.611913501,0.665160456,0.519386401,0.673336667,0.505353902,0.669669625
0.652199078,0.62662784,0.645138924,0.641460191,0.547856869,0.679259888,0.676479482,0.617756608,0.508556552,0.664621968,0.528840766,0.686279191,0.612322348,0.662909467,0.519210632,0.672465843,0.505747126,0.669586013
0.653207335,0.626654108,0.646219966,0.639236798,0.548166271,0.678647743,0.677125368,0.616964956,0.508762891,0.66470434,0.528704521,0.685170529,0.612562931,0.660543743,0.519142098,0.670706215,0.506221116,0.670638317
0.654053292,0.625202625,0.645748334,0.637303618,0.548343898,0.676783016,0.678349614,0.614907698,0.508819246,0.664214741,0.527534705,0.683143141,0.612798604,0.660393684,0.519895391,0.669444642,0.506685433,0.670124581
0.654461284,0.625691643,0.646801382,0.636637613,0.548393745,0.676951808,0.677206864,0.61597529,0.509163064,0.66407344,0.527572233,0.682118911,0.612872912,0.660915334,0.520379672,0.669122756,0.506966214,0.668845874
0.655416671,0.627335936,0.647000035,0.63575776,0.548811446,0.675631175,0.678840593,0.620131633,0.50971429,0.663964477,0.527999636,0.681051961,0.612713175,0.665692798,0.520201001,0.670467319,0.50724138,0.668890334
0.655202672,0.626604848,0.647138816,0.634675512,0.549545499,0.676543441,0.679867999,0.622182532,0.511363248,0.663236051,0.52919209,0.680069941,0.611942586,0.665541188,0.521817002,0.669948373,0.50836463,0.667616541
0.655130953,0.62795586,0.648105717,0.633065419,0.550064258,0.676192068,0.679028146,0.623301764,0.513050405,0.664138523,0.529901604,0.678219324,0.612251099,0.665079718,0.523253518,0.669282655,0.509634889,0.666878445
0.655334112,0.627392515,0.648395624,0.633010782,0.551010634,0.675649683,0.679189544,0.622704266,0.514565107,0.664828255,0.530900738,0.676752679,0.612478359,0.665203725,0.523930327,0.667654812,0.51113157,0.666564481
0.65512708,0.626613759,0.648028065,0.631992831,0.552017624,0.674978299,0.680044606,0.621772996,0.515497277,0.665126576,0.531580178,0.679070296,0.613148476,0.666929434,0.525270579,0.668092163,0.512019231,0.666929977
0.65505813,0.626532148,0.649120292,0.631034449,0.55253705,0.674330324,0.679917197,0.624253703,0.515863559,0.664701032,0.531651439,0.677737469,0.612993721,0.664313975,0.525197411,0.66785658,0.512972085,0.667109756
0.654857608,0.626198771,0.648592934,0.631099427,0.553549305,0.674932042,0.680339088,0.62265216,0.517308853,0.665443556,0.530689515,0.676717406,0.613280675,0.669219351,0.525694506,0.668569498,0.514313598,0.666090149
0.654792465,0.626827996,0.647125013,0.631464915,0.554121312,0.674680733,0.68088854,0.621304534,0.51778583,0.665829076,0.531643935,0.679570077,0.613127578,0.670788996,0.525008214,0.668041419,0.514904931,0.665830501
0.65485894,0.625773816,0.647096706,0.632794633,0.554417092,0.674685199,0.681562009,0.620779932,0.51878688,0.66462034,0.531929639,0.678352623,0.613551533,0.673710778,0.525916616,0.66742758,0.515405492,0.666047166
0.654924196,0.625444496,0.646291434,0.633698787,0.554970643,0.674684431,0.681425355,0.620698892,0.520033572,0.664578006,0.532066753,0.676707954,0.613754353,0.670908999,0.526439533,0.667324013,0.516371401,0.666551571
0.654220019,0.626048441,0.646733468,0.634684715,0.555365097,0.674394306,0.681686442,0.619287104,0.520734379,0.664366125,0.532556487,0.67485006,0.613953485,0.673620665,0.527181358,0.668137409,0.517163009,0.665442738
0.654162968,0.625112415,0.646862148,0.633762976,0.555937055,0.673821936,0.68181226,0.616856067,0.521811436,0.664196796,0.532755865,0.672564021,0.614009355,0.677110507,0.527547645,0.669447565,0.517319043,0.665232491
0.653478162,0.623863896,0.64698853,0.633903471,0.556535392,0.673602944,0.68193583,0.615617005,0.522612323,0.663618099,0.533021438,0.670272261,0.614548724,0.674487447,0.527727922,0.668759982,0.51739532,0.664908421
0.653677969,0.623553679,0.646962683,0.633875629,0.557123139,0.673004001,0.681544196,0.614161577,0.523590033,0.664599743,0.533351447,0.668011757,0.615215748,0.675976867,0.52843865,0.668125121,0.518385718,0.66440803
0.653750722,0.622298757,0.647085966,0.632974038,0.557736525,0.673270657,0.681032304,0.617026525,0.524866127,0.665211803,0.533195952,0.670975158,0.615191075,0.674725201,0.52966587,0.668362323,0.518980641,0.665570992
0.653699736,0.621932706,0.646764953,0.63224079,0.557626485,0.673300945,0.681663529,0.615970909,0.525369325,0.664906767,0.532907292,0.6694649,0.615503873,0.675633095,0.530303689,0.668046813,0.519715142,0.665286976
0.653163956,0.620697997,0.646595589,0.633952581,0.557800987,0.673264171,0.681909058,0.614982479,0.526173943,0.664713873,0.532354212,0.667827181,0.614608391,0.674751004,0.530713911,0.667517266,0.520511296,0.66548478
0.652998476,0.619469806,0.646573984,0.635826857,0.558217709,0.672764631,0.682645869,0.612949086,0.526595871,0.663663241,0.532945736,0.666235285,0.614920821,0.674455212,0.53120302,0.665885135,0.520704391,0.665126528
0.652716441,0.619243882,0.646552745,0.636113317,0.558245316,0.672685836,0.681036613,0.612055901,0.52762033,0.663589555,0.533328611,0.668694049,0.615227957,0.673435275,0.531385738,0.666413011,0.52052893,0.665669563
0.65267586,0.618402872,0.646531863,0.638205993,0.55878906,0.673162865,0.681403008,0.611435522,0.528264836,0.664007135,0.534098959,0.667549485,0.614943649,0.671445659,0.532325489,0.666518759,0.521008403,0.66555242
0.652283843,0.618288001,0.646087601,0.638825094,0.558913905,0.673567943,0.681400979,0.612413578,0.529318265,0.664522572,0.534661155,0.666503287,0.615180876,0.671611429,0.532663313,0.665712557,0.521408046,0.665742854
0.651665503,0.618528894,0.645650681,0.63910809,0.559172169,0.672522411,0.680919883,0.611175049,0.529878629,0.663979394,0.534310133,0.66858014,0.615670444,0.671783992,0.533161672,0.665561941,0.521587347,0.664370185
0.651519088,0.616380456,0.645498779,0.639525535,0.55932542,0.672724776,0.680921847,0.61255072,0.530665684,0.66463898,0.534797345,0.667299073,0.615961365,0.670365514,0.533898999,0.664984765,0.521763708,0.663995007
0.651146037,0.616314355,0.645624943,0.639489484,0.55940954,0.672814857,0.681866396,0.611827651,0.53161541,0.66419948,0.535086086,0.666863714,0.614482887,0.668053171,0.533766389,0.664826523,0.522077376,0.663252236
0.650665418,0.61520387,0.645885759,0.639974912,0.559756712,0.673044925,0.682328203,0.613108806,0.531679547,0.664711996,0.535559182,0.668398048,0.61452863,0.668019367,0.534730098,0.664923999,0.522733593,0.663236215
0.650305165,0.614860673,0.646277995,0.640144214,0.55957374,0.672463129,0.682318853,0.613145928,0.531972873,0.6646705,0.536024709,0.670239012,0.613519377,0.668066719,0.535195976,0.665214478,0.523448276,0.663189124
0.649727066,0.615783089,0.645856903,0.640512821,0.559914099,0.672865635,0.682424673,0.611015155,0.532090252,0.664993475,0.536668858,0.66972831,0.612526145,0.670461191,0.536013396,0.6643062,0.523604269,0.663545754
0.650045285,0.617391941,0.645842815,0.64026,0.560410451,0.672596073,0.682642943,0.609146767,0.532035839,0.665067945,0.536257095,0.671933987,0.611365437,0.66977313,0.536857512,0.664400516,0.523893565,0.664048295
0.64969832,0.616805203,0.644637211,0.642512272,0.560546844,0.673034318,0.682291679,0.608714236,0.532263302,0.664687767,0.536706258,0.670663418,0.611797478,0.668872994,0.537413627,0.663348954,0.524447737,0.663613078
0.649247552,0.617259012,0.644632797,0.642534167,0.561125907,0.6726747,0.682395249,0.607164897,0.532654546,0.664156051,0.53720902,0.670247346,0.612403098,0.668120848,0.537454712,0.662687454,0.524859663,0.663052812
0.64837035,0.618557938,0.643585426,0.643009572,0.561254698,0.673088662,0.682608708,0.609913563,0.533537835,0.664383808,0.537523758,0.669328131,0.612581989,0.667567746,0.537649784,0.662514321,0.525132626,0.662420587
0.648581693,0.617555745,0.64320096,0.643041736,0.560943531,0.672069657,0.683040172,0.608187302,0.53407813,0.664354721,0.537774054,0.671743564,0.611929698,0.667154096,0.538417273,0.66189424,0.525335614,0.662539616
0.648363031,0.616778182,0.642565514,0.642771305,0.561009657,0.67208624,0.682257368,0.607728949,0.534773745,0.664050515,0.538198114,0.670677103,0.611111109,0.665567294,0.538297544,0.6627543,0.526057993,0.663185518
0.647829962,0.616972401,0.642194497,0.643906306,0.561567823,0.672709688,0.682467049,0.60935765,0.535350716,0.663328236,0.538792019,0.669629625,0.611062538,0.665661846,0.538821925,0.663017496,0.526575058,0.662433324
0.647725282,0.616306141,0.642208477,0.643062568,0.561658888,0.671075745,0.682457291,0.609474842,0.535811698,0.66182271,0.538968945,0.668781516,0.611303943,0.666188414,0.538325954,0.661997589,0.526698404,0.663633976
0.647622152,0.615806483,0.642598898,0.64269265,0.562021827,0.670386676,0.682769738,0.610557402,0.53621256,0.661661669,0.538853897,0.667502578,0.611541772,0.667058422,0.53876791,0.663888541,0.526628352,0.662870893
0.647416977,0.614811806,0.643482082,0.642738365,0.56249997,0.670582293,0.683397284,0.60992952,0.536395931,0.661723429,0.538855431,0.666611884,0.612118101,0.669708763,0.539462012,0.662848898,0.526876267,0.662807596
0.64711199,0.614856777,0.643857506,0.641428785,0.562402745,0.670156581,0.683380949,0.611289173,0.536891702,0.661615379,0.539256121,0.669131918,0.611101678,0.668211744,0.540109302,0.661698726,0.527246413,0.662909033
0.647117608,0.615387832,0.64422749,0.641399815,0.562217836,0.669901424,0.683469871,0.60952827,0.537380288,0.661783537,0.539367942,0.66784179,0.610099986,0.67180699,0.539982517,0.661421549,0.528048476,0.662478035
0.646616509,0.614081728,0.644714086,0.640171958,0.562330433,0.668768859,0.683557514,0.611281528,0.53775833,0.661087824,0.539590565,0.666540461,0.60972617,0.669768478,0.540182925,0.661633997,0.528652939,0.661963327
0.646021964,0.613181503,0.644830535,0.640526428,0.562529243,0.668613116,0.684057983,0.610800656,0.538285133,0.661485742,0.539363579,0.668752802,0.609911404,0.667713812,0.540811195,0.660788442,0.529125616,0.662472255
0.645935304,0.612542361,0.644825126,0.640380959,0.562608968,0.667817327,0.684345782,0.610200384,0.538651395,0.66108187,0.538641142,0.667769352,0.609929076,0.665462368,0.5411098,0.659931822,0.529408168,0.662414419
0.64594905,0.611106888,0.644819793,0.640144006,0.562889602,0.666442069,0.685139836,0.610260611,0.538911171,0.660722099,0.538974215,0.666422766,0.610055681,0.663794524,0.541864247,0.661103257,0.529443905,0.662712412
0.64615959,0.610657614,0.644814534,0.638905564,0.562994352,0.665601206,0.685821437,0.609443551,0.538966076,0.660011434,0.539411896,0.668189984,0.610343143,0.664787032,0.542467579,0.661108452,0.529659995,0.66266376
0.64607378,0.609537933,0.645162456,0.638381141,0.563183029,0.665238366,0.685889706,0.610463709,0.539769619,0.660014295,0.539192455,0.666746154,0.610411281,0.664344162,0.542818254,0.660280956,0.529992816,0.662653023
0.645989152,0.609096826,0.645973141,0.638731215,0.563340839,0.66472461,0.685757133,0.61186554,0.540363617,0.658849513,0.539730352,0.668810417,0.610425018,0.668106668,0.543164093,0.660001671,0.530618311,0.662033681
0.645616276,0.610197822,0.646308361,0.639041656,0.563328062,0.664135142,0.685725642,0.613587081,0.540900202,0.658808884,0.54015386,0.667520284,0.610385471,0.668350919,0.542782401,0.659091326,0.531058101,0.662581716
0.645631725,0.610608042,0.64652372,0.63921543,0.563231819,0.66426074,0.68618753,0.612993391,0.541233725,0.658805837,0.539827558,0.666371446,0.61008279,0.668530497,0.543602362,0.657501259,0.531198686,0.662584689
0.645456635,0.611212973,0.646507126,0.638704659,0.563164568,0.663894465,0.6867411,0.612367679,0.54175718,0.657763802,0.539505666,0.665048075,0.610412736,0.667002988,0.54420752,0.656657621,0.531686859,0.662636078
0.645472948,0.611066072,0.646604508,0.638753621,0.563455795,0.66394156,0.686314572,0.614321529,0.541983907,0.65750768,0.539764856,0.663594059,0.611050411,0.668711618,0.54399514,0.657240356,0.532052765,0.662367419
0.645207354,0.609933458,0.647039574,0.638439976,0.563551882,0.663104682,0.686859915,0.612426469,0.542207612,0.657197003,0.540072674,0.66299784,0.611472866,0.666691379,0.544355105,0.656437294,0.532356322,0.662271024
0.646157851,0.610338708,0.647356631,0.638673433,0.564325232,0.662350518,0.687302056,0.611831022,0.542618929,0.656137817,0.540376414,0.664591252,0.611665926,0.66540318,0.545043092,0.656808025,0.5336681,0.663374082
0.646910519,0.610281262,0.647781024,0.638015842,0.56492663,0.662176896,0.687452338,0.611528907,0.543782124,0.65586354,0.540264974,0.663604983,0.611650855,0.666564225,0.545655907,0.655710661,0.535077033,0.662575025
0.647561292,0.610462286,0.647867534,0.638440681,0.565520166,0.662394591,0.687316484,0.611683247,0.544600965,0.655700111,0.540563487,0.662933628,0.611738104,0.665061761,0.546162179,0.655323814,0.535785538,0.663044057
0.648203614,0.610344525,0.647952919,0.63701619,0.565866479,0.661628705,0.686994177,0.61281169,0.544942012,0.65513307,0.541061046,0.661911498,0.612432986,0.66619533,0.547086076,0.654381388,0.536880098,0.663050869
0.648474177,0.61070303,0.648474601,0.636795144,0.565758826,0.661949577,0.686956533,0.612687313,0.54569639,0.65482206,0.541652991,0.660483854,0.61276608,0.666574668,0.547414488,0.654785154,0.537399525,0.662982681
0.649463553,0.611910601,0.648880946,0.636853646,0.565810183,0.661379564,0.686361959,0.611039617,0.546717798,0.654016177,0.542537827,0.658838228,0.613094903,0.665851711,0.548318512,0.654758251,0.538581189,0.66334998
0.650081485,0.611343065,0.649282115,0.636019786,0.565991406,0.661263086,0.686421132,0.609312262,0.547176315,0.654335731,0.543063064,0.661698039,0.612921926,0.663930025,0.548698905,0.655600524,0.539526255,0.663660205
0.65086988,0.610623162,0.650000024,0.634729574,0.56606658,0.660965533,0.686020925,0.609651392,0.547446896,0.654570022,0.542790513,0.662527429,0.613344493,0.663875114,0.549424333,0.655094916,0.540184178,0.663266272
0.65076254,0.61062303,0.650708904,0.634462616,0.565934601,0.660383492,0.686172649,0.609177743,0.547578332,0.655354251,0.542275714,0.662890717,0.613565204,0.663465375,0.550298659,0.654287095,0.540724447,0.663509527
0.651272739,0.610585836,0.651197058,0.635230156,0.565778656,0.66044803,0.685597838,0.609910216,0.547618198,0.655533387,0.542450944,0.663199516,0.613685499,0.662761352,0.551130649,0.654734702,0.541366658,0.663345247
0.651689118,0.609370266,0.650836955,0.63470665,0.565701017,0.661035307,0.685300219,0.609476421,0.54747883,0.65556602,0.542381373,0.663799703,0.613755776,0.662290089,0.551827456,0.654333541,0.542216933,0.663218464
0.652361181,0.608706463,0.650690545,0.634676013,0.565826724,0.661030013,0.685006274,0.608903303,0.54738559,0.655669951,0.541878633,0.663191426,0.614114536,0.661282848,0.552453622,0.653247161,0.542842003,0.663312608
0.652420142,0.608428768,0.650649915,0.635090434,0.565850315,0.660977111,0.685338325,0.608511686,0.548264498,0.655168547,0.542148933,0.665039616,0.614181318,0.661625498,0.552732986,0.653644025,0.543779488,0.662657908
0.653165433,0.608022811,0.650816477,0.634720068,0.565648709,0.660803694,0.685489584,0.609859733,0.548650146,0.654822493,0.542273025,0.665237644,0.613961463,0.662462709,0.553468558,0.652720955,0.54422834,0.662930856
0.653474887,0.608483326,0.650878298,0.634112086,0.565822124,0.66066669,0.686078185,0.608273309,0.548813112,0.653815499,0.541922128,0.665672212,0.613933666,0.664536487,0.554256125,0.652864776,0.544882556,0.662181981
0.653865459,0.608938644,0.650939374,0.633440995,0.565820628,0.660256243,0.686223165,0.608008777,0.548670743,0.653681879,0.542093154,0.666049145,0.614188584,0.663712326,0.554640669,0.652274952,0.545319355,0.661966398
0.654420031,0.607576972,0.651507179,0.633631152,0.56584369,0.660528951,0.686453193,0.610683737,0.548659317,0.65414391,0.541887881,0.667106228,0.614206541,0.661919913,0.55511088,0.651870738,0.545802994,0.662054944
0.654381145,0.608122427,0.651866448,0.634328578,0.565915269,0.660338501,0.686766748,0.609073928,0.549333194,0.653206983,0.54135953,0.668285483,0.614503303,0.663608684,0.555575492,0.651461688,0.545970315,0.661284569
0.654759421,0.608308981,0.652020884,0.633770286,0.565913248,0.660611469,0.686990836,0.60738968,0.548934858,0.653354822,0.541114799,0.66860121,0.614889008,0.662319271,0.555648059,0.651298312,0.546084203,0.661177473
0.655381798,0.608676764,0.652173503,0.634021007,0.566055899,0.660420729,0.687382791,0.60576982,0.549260632,0.652268945,0.541194639,0.668916045,0.614810617,0.66300283,0.556222284,0.651239063,0.546554808,0.661114561
0.655173239,0.608930568,0.652621691,0.635090668,0.566196881,0.659760052,0.687854915,0.604100614,0.549540525,0.651890583,0.541136483,0.668827417,0.614276271,0.665200399,0.556466539,0.651290028,0.547070759,0.660580417
0.655458426,0.609611932,0.653064667,0.634497211,0.56607412,0.659727459,0.687563207,0.602510023,0.549482547,0.651882375,0.541669483,0.668569107,0.614565726,0.664042906,0.556883249,0.65151308,0.547075151,0.660202751
0.655740316,0.608990591,0.653306578,0.635057427,0.566142297,0.659425139,0.687358645,0.603037503,0.549924263,0.652272158,0.542106003,0.667760516,0.61462604,0.663532993,0.556859437,0.651061388,0.547029227,0.660530871
0.656423693,0.608468509,0.65335089,0.635358471,0.56632746,0.658998826,0.6874896,0.60268453,0.550236862,0.652096047,0.542537506,0.669736985,0.614910157,0.663673705,0.55692254,0.651173951,0.547183732,0.660757037
0.656857811,0.607238972,0.653685253,0.635388768,0.56639341,0.658770576,0.687619059,0.602436436,0.550258119,0.651484243,0.542026578,0.669771048,0.614923171,0.663302042,0.556984921,0.651795,0.547286781,0.660880424
0.657286995,0.607305822,0.653823212,0.636190974,0.566412039,0.658217817,0.687994083,0.600844807,0.550197382,0.651379348,0.541477066,0.668961879,0.614891647,0.6660299,0.557103696,0.651479001,0.547438067,0.660866373
0.657870478,0.606980166,0.653959613,0.636578996,0.566476767,0.658062585,0.688119229,0.599433254,0.550381203,0.651309828,0.541993085,0.668118801,0.615081172,0.66686267,0.557476645,0.650466549,0.547685899,0.660963912
0.658130898,0.606116431,0.654189701,0.635551945,0.566609841,0.657402793,0.688242969,0.59993361,0.550724628,0.651240523,0.542371635,0.666944848,0.615005224,0.668552145,0.55804302,0.650532188,0.548126354,0.661289796
0.658467093,0.605964922,0.654606594,0.634340862,0.566901699,0.656800903,0.688365326,0.59838121,0.551224981,0.650524609,0.542745956,0.665641405,0.615191997,0.668865214,0.558181967,0.650378133,0.548804783,0.660346057
0.658799553,0.605199076,0.655113017,0.633367304,0.567030933,0.656627467,0.688808385,0.598953658,0.551559902,0.650596146,0.54315952,0.664452832,0.614248222,0.670198732,0.558710214,0.649807001,0.549282438,0.659707085
0.659128339,0.604901158,0.655801127,0.633048904,0.567204025,0.656585048,0.689006337,0.598718062,0.551851375,0.65040076,0.543568514,0.666785431,0.614480276,0.669858988,0.559149334,0.649787014,0.549946983,0.659070406
0.659608287,0.604859247,0.65601604,0.632783261,0.567127512,0.655941087,0.689361375,0.597527626,0.55198153,0.649877972,0.543629607,0.668201327,0.614280521,0.670350022,0.559528407,0.649845527,0.550652005,0.658513966
0.659621202,0.604953785,0.655950749,0.633472484,0.567365371,0.655440094,0.689395751,0.597833298,0.55207095,0.649086699,0.543818107,0.667415973,0.614552554,0.668615762,0.559848418,0.649505583,0.550969183,0.659114343
0.660016709,0.604719811,0.656070398,0.633645306,0.567444729,0.655492744,0.689587283,0.597523362,0.552315794,0.648613861,0.544174394,0.6688921,0.614651793,0.666962024,0.559891847,0.648796082,0.551282913,0.658719245
0.660407939,0.604941634,0.656188753,0.63381578,0.567633995,0.654770178,0.689620066,0.596489656,0.552246889,0.648115005,0.544273452,0.670660053,0.614876648,0.665152994,0.560369411,0.648984843,0.551593252,0.65813789
0.660794963,0.605075944,0.656488085,0.63421393,0.567622918,0.654770801,0.689496661,0.596064242,0.55264287,0.648371031,0.544413447,0.670446499,0.615099085,0.665072423,0.56084184,0.648877589,0.552087258,0.657392639
0.661102529,0.604336165,0.656693577,0.632970459,0.56761196,0.654442348,0.689684581,0.597423687,0.552957672,0.647873761,0.544259498,0.670931422,0.615319144,0.666317995,0.561255471,0.64764569,0.55262248,0.656802351
0.661556658,0.603877143,0.656806729,0.632050318,0.567753717,0.654048694,0.689793413,0.596165805,0.553269125,0.647874608,0.544522745,0.671452168,0.615827752,0.667558737,0.561611244,0.648277898,0.553105755,0.655831192
0.661856939,0.60379457,0.65709804,0.632402588,0.567959027,0.653826333,0.690054455,0.594944683,0.553348893,0.648004671,0.544245839,0.671132089,0.615958954,0.6690366,0.5618569,0.648702278,0.553491899,0.656437532
0.662079931,0.604082681,0.657386284,0.632229474,0.567903333,0.652971046,0.69031275,0.595508371,0.55384433,0.648427792,0.543684019,0.670206749,0.615759828,0.669603818,0.562311554,0.649059671,0.554102811,0.656865162
0.66252181,0.603868676,0.657494032,0.632450034,0.567976965,0.652403355,0.690416583,0.594998502,0.554221582,0.648255485,0.543905241,0.669466189,0.616135431,0.668143935,0.561893232,0.649304278,0.554616272,0.656188189
0.66288573,0.604638014,0.657688934,0.631691263,0.567900412,0.65281101,0.690292886,0.593574893,0.554519963,0.647788222,0.544042779,0.670245718,0.616466432,0.667572714,0.562081235,0.649219695,0.554897936,0.656324532
0.663537785,0.604304623,0.657618358,0.631415086,0.567845887,0.652816796,0.690245562,0.592497006,0.554777976,0.647343504,0.544340809,0.671245105,0.616429689,0.668619325,0.562501623,0.64871195,0.555582177,0.656938397
0.663892716,0.603796562,0.657723243,0.631016795,0.568066556,0.652609377,0.689899907,0.591251827,0.554662492,0.647430687,0.544071977,0.670300904,0.616514136,0.668562935,0.562917677,0.649362305,0.556124895,0.656339752
0.66409955,0.604068311,0.657913972,0.629785476,0.568137841,0.653086137,0.689929406,0.590064436,0.554437512,0.64827437,0.544286672,0.669838551,0.616597717,0.668398091,0.563149075,0.650107889,0.556662047,0.655685049
0.664447993,0.604315106,0.658016278,0.629751356,0.568166579,0.652913884,0.690254374,0.592179878,0.554691997,0.647936639,0.544299878,0.669573275,0.616800025,0.668155767,0.562942258,0.650090977,0.557104987,0.655421356
0.664649908,0.605532837,0.658375656,0.629534368,0.568195025,0.652271047,0.690428909,0.593766204,0.555016936,0.647347296,0.544471579,0.670948684,0.616643362,0.666507543,0.563222198,0.649424842,0.557411009,0.65453659
0.664992052,0.605290633,0.658560199,0.629330604,0.568305979,0.651917205,0.690674876,0.59336072,0.555193255,0.646718958,0.544562632,0.67017089,0.616843396,0.666046382,0.563575449,0.648933473,0.557933527,0.65441494
0.665330757,0.604160938,0.658657716,0.628630517,0.568498197,0.651056558,0.690699888,0.59457894,0.555476258,0.646704578,0.54496684,0.671097476,0.617159195,0.667391067,0.563824142,0.649021206,0.55849449,0.653855064
0.665666075,0.603559995,0.659093241,0.628024921,0.56854505,0.651226013,0.690652185,0.593259448,0.555756431,0.646025533,0.544937318,0.670347616,0.617354649,0.668258542,0.564045222,0.648588252,0.559093322,0.653912166
0.665857912,0.603519183,0.659693081,0.627252715,0.56931985,0.650954928,0.690532855,0.595567289,0.556785453,0.645680858,0.545879794,0.669750802,0.617781368,0.668997181,0.564857299,0.648561054,0.559815981,0.654678132
0.665908399,0.603089261,0.660286981,0.626863497,0.570025861,0.65080099,0.69070169,0.59504843,0.557768672,0.645533657,0.546503532,0.669023387,0.617855779,0.668630937,0.565886359,0.647933041,0.560703676,0.65438343
0.666305298,0.60221968,0.660791537,0.626474048,0.570826277,0.650231776,0.690583291,0.593768859,0.558600446,0.645497728,0.546620818,0.667996292,0.617929458,0.66726086,0.566606727,0.647988109,0.561668296,0.653842389
0.666560222,0.601921882,0.66095881,0.62672048,0.571639018,0.65023884,0.69039501,0.592783988,0.559459331,0.645824517,0.546966733,0.666783001,0.618232193,0.668133966,0.567518093,0.648395308,0.56232508,0.654000781
0.66626302,0.602066744,0.661124452,0.627100207,0.572202939,0.649804531,0.690067173,0.594109849,0.560380024,0.644844148,0.547271164,0.665463578,0.618112768,0.668478584,0.567977107,0.648570657,0.562933038,0.653539388
0.666242189,0.60278422,0.661535317,0.627319818,0.57298113,0.649312716,0.689672166,0.596321802,0.56101239,0.645000026,0.548369059,0.666329197,0.618373749,0.667976529,0.568554251,0.648130524,0.563197398,0.653578654
0.666493723,0.602964735,0.662105972,0.627036876,0.573493358,0.649305093,0.689561028,0.596018863,0.561881931,0.645431658,0.548701515,0.666245151,0.617575446,0.668437206,0.569199014,0.647554899,0.563669244,0.653221263
0.666878267,0.6026317,0.661937764,0.626507109,0.574238078,0.650277175,0.689520636,0.595987608,0.562328057,0.645074929,0.548918094,0.666959207,0.617498461,0.668117554,0.569351952,0.647721664,0.564345584,0.653263839
0.667056961,0.602328915,0.661122394,0.626219012,0.57466063,0.650693728,0.689341944,0.594749759,0.563148559,0.644945149,0.549394263,0.667333238,0.617758636,0.667538516,0.569648417,0.648007524,0.564932239,0.653098787
0.66750223,0.603247322,0.661041182,0.625114563,0.575020368,0.650365604,0.689164953,0.594555596,0.563447372,0.644596933,0.549605481,0.666925111,0.61812794,0.668021627,0.569773708,0.647417883,0.565347675,0.653607085
0.667409268,0.603084677,0.661362378,0.624866877,0.575259676,0.650430355,0.688920954,0.593795796,0.563947929,0.644330212,0.550147932,0.665411472,0.617938353,0.667127615,0.569634516,0.647315343,0.565800385,0.653094128
0.667582929,0.603542016,0.661120902,0.625239661,0.575749075,0.649635418,0.688815981,0.592497867,0.564647373,0.644000112,0.550243047,0.665629822,0.618303325,0.667315781,0.570092214,0.647205876,0.566371876,0.653224727
0.667754959,0.603287533,0.661359134,0.625010164,0.576407762,0.649263056,0.688575912,0.592339661,0.56510382,0.643863236,0.549713737,0.665096557,0.618481478,0.668394242,0.57080644,0.648109924,0.566774702,0.653668136
0.667925382,0.602889147,0.66111993,0.624883145,0.576752613,0.64917531,0.688676702,0.594101992,0.565791327,0.644078096,0.550284584,0.66638719,0.61862146,0.667124354,0.570758774,0.648428731,0.567011229,0.653365867
0.667897691,0.602261342,0.661592451,0.624992046,0.577209099,0.649473178,0.68857433,0.593879428,0.566338592,0.644459762,0.549723668,0.665971389,0.618687465,0.667997376,0.57129882,0.64891749,0.567528669,0.652989766
0.667544226,0.602409467,0.662296001,0.625140994,0.57748989,0.649320816,0.688472905,0.593637226,0.566814176,0.644100478,0.550216845,0.665193101,0.618897534,0.668016418,0.571927394,0.649487038,0.567920545,0.653149906
0.667843074,0.601835106,0.662055787,0.626269589,0.577824986,0.649680223,0.688372416,0.592691639,0.567285376,0.643992162,0.550561468,0.664173004,0.619177672,0.667939858,0.572294158,0.648863659,0.568348881,0.652267431
0.668139181,0.601727133,0.662517512,0.626309811,0.578194762,0.649716067,0.68847229,0.592842051,0.567983262,0.644594355,0.550580395,0.66544786,0.619311892,0.668939594,0.572634389,0.648525943,0.568653623,0.651627211
0.668175332,0.601962342,0.662975021,0.626096833,0.57873028,0.648990782,0.688505075,0.593390525,0.568444822,0.644553517,0.551241272,0.664605342,0.619373538,0.667781154,0.573040699,0.64895816,0.56875705,0.651418028
0.667891053,0.602721881,0.662041621,0.626193569,0.579129991,0.64857292,0.688603438,0.592294242,0.568836783,0.64437315,0.55161205,0.663880661,0.619292579,0.668340635,0.573489228,0.64882594,0.568978115,0.650629425
0.667099499,0.602515525,0.661116669,0.626775224,0.579451601,0.648605705,0.688438598,0.59291021,0.569290303,0.644297819,0.552262279,0.662750657,0.619353755,0.66894581,0.573453786,0.648977783,0.569157832,0.651015665
0.666949514,0.602727228,0.661116219,0.626676788,0.579881535,0.648020534,0.688144679,0.593396985,0.569674924,0.644093827,0.55244916,0.664399444,0.61941438,0.668617817,0.573896414,0.648894573,0.569688457,0.65044813
0.666611396,0.602484506,0.661191779,0.626601444,0.580362976,0.647725645,0.688243335,0.592381345,0.570540014,0.644014912,0.552669399,0.665575146,0.619474461,0.668756654,0.57447096,0.648999814,0.570058347,0.649599486
0.66646493,0.602740946,0.661039667,0.626481292,0.580821746,0.647598269,0.687823511,0.593563605,0.57117256,0.643896461,0.55316669,0.665030924,0.619568883,0.669692344,0.574747267,0.648580806,0.570308474,0.649140742
0.66644496,0.602451468,0.661265555,0.626909309,0.581294729,0.64712699,0.687922718,0.593945098,0.571671585,0.643155282,0.55334706,0.664318676,0.619523577,0.670643249,0.575200691,0.648694776,0.570517731,0.649552101
0.666362847,0.602340987,0.661189459,0.626898472,0.581727107,0.64721541,0.687636283,0.594715666,0.572261693,0.642753327,0.553733246,0.663334537,0.619720652,0.672062792,0.57558306,0.648705792,0.570763613,0.648568479
0.666281456,0.602458294,0.660815369,0.626536856,0.582137548,0.647076321,0.68760775,0.594687779,0.572973373,0.642098994,0.55401278,0.662266556,0.619881574,0.670782508,0.575828567,0.648832033,0.570969021,0.648197646
0.666077232,0.602634487,0.661262284,0.625767684,0.582454142,0.646878998,0.687643033,0.595868739,0.573615702,0.642418047,0.554152801,0.663605259,0.619458574,0.670085496,0.576160526,0.648332451,0.571210766,0.647889242
0.665690278,0.601647864,0.660891144,0.626271207,0.582857823,0.646931858,0.687678008,0.594651563,0.573969678,0.641562243,0.553813978,0.662939822,0.61934631,0.670062156,0.576533694,0.64814913,0.571336483,0.647956335
0.665674111,0.601626211,0.661112767,0.625673061,0.58315064,0.647028161,0.687712678,0.594408515,0.574539532,0.640689831,0.554361255,0.662194661,0.619574695,0.671017861,0.576881659,0.647798924,0.571536722,0.647790957
0.66553614,0.601478592,0.661405844,0.625779217,0.583387477,0.647183552,0.68762157,0.593208218,0.575073308,0.640287693,0.554734691,0.661787985,0.619767283,0.669604769,0.577248475,0.647523792,0.571848157,0.647934763
0.665763613,0.600875226,0.661769451,0.625234484,0.583586796,0.646885349,0.687468778,0.592065066,0.575540463,0.639957188,0.555003884,0.660703903,0.619924536,0.670198858,0.577829823,0.647130837,0.571969501,0.646996036
0.666049581,0.600966361,0.661766221,0.624782917,0.583784405,0.646965091,0.687379499,0.591805247,0.576065361,0.639533458,0.555572537,0.662080555,0.620046909,0.671638597,0.578341153,0.647037408,0.572351046,0.646735105
0.665911775,0.60086797,0.661545722,0.624532677,0.584138603,0.646518074,0.687352917,0.592133408,0.576524284,0.639498425,0.556036169,0.661687698,0.620101463,0.672494498,0.578804946,0.647092836,0.572543526,0.646508831
0.666074811,0.600637191,0.661254976,0.624590319,0.584437251,0.646459838,0.68720322,0.593862358,0.576918073,0.640104231,0.556229898,0.663076247,0.620089063,0.671611093,0.579350758,0.64679734,0.572660361,0.645691198
0.666117106,0.600687309,0.661469423,0.623641248,0.584733368,0.646152387,0.68699338,0.593948633,0.577491429,0.639933926,0.556686816,0.662488152,0.620076769,0.67057815,0.579784942,0.646921055,0.572886745,0.645332854
0.666456185,0.600474423,0.661896606,0.623380074,0.585026987,0.645833303,0.686907614,0.594038233,0.577786748,0.639407971,0.557040986,0.663717847,0.619998649,0.669298882,0.580151531,0.646999035,0.573074528,0.644915776
0.666674057,0.59999074,0.661964125,0.623141902,0.585248975,0.645667379,0.686944356,0.592881808,0.578291181,0.638605609,0.557654784,0.663143858,0.619954012,0.669780734,0.580621143,0.646460324,0.573260733,0.644740405
0.666713314,0.599850019,0.661676494,0.623087592,0.585365794,0.645829822,0.686859512,0.592287184,0.578701088,0.638585045,0.55780581,0.662431166,0.619811684,0.669715736,0.581129089,0.645705749,0.573518147,0.644597557
0.666928299,0.599561203,0.661744368,0.623678684,0.58558452,0.645540817,0.686654602,0.592164403,0.579047628,0.6383684,0.558411307,0.66372267,0.619703093,0.669313344,0.581548627,0.645133944,0.573664719,0.643835749
0.666498639,0.599422814,0.661741349,0.623589874,0.58592096,0.645617728,0.686571665,0.591034152,0.579570401,0.637778368,0.559011778,0.663134111,0.619173983,0.669539108,0.581943727,0.645275272,0.573882239,0.643024932
0.666770936,0.598936533,0.661318129,0.62349786,0.586152589,0.6455136,0.686369638,0.59188158,0.579940212,0.637671037,0.559026192,0.66240575,0.618616962,0.668566798,0.582147733,0.644784532,0.574062028,0.64321679
0.666925069,0.598801053,0.660689143,0.623396688,0.586399247,0.646193575,0.686467479,0.591760539,0.580573434,0.637655433,0.55939414,0.662160511,0.618482479,0.667495844,0.582620251,0.644271896,0.574311907,0.642831627
0.667135662,0.598185212,0.661037806,0.624293985,0.586610152,0.645399685,0.686505121,0.590839715,0.580995072,0.637613352,0.55979109,0.661376558,0.618028913,0.667328987,0.582757716,0.643185706,0.574631014,0.642833475
0.667344536,0.597911318,0.661106901,0.624751397,0.586752148,0.645080572,0.686542456,0.590831317,0.581413269,0.637418832,0.55948327,0.663123069,0.618057367,0.668121232,0.583162044,0.643486714,0.57487653,0.642166482
0.667494458,0.597857637,0.661244333,0.624779107,0.586926447,0.645049541,0.686520574,0.590786897,0.581828066,0.637715511,0.559527291,0.664794573,0.618276138,0.667453739,0.583460433,0.642457119,0.575049354,0.641417136
0.667700189,0.598276669,0.661037552,0.624578893,0.587132656,0.644782151,0.686381519,0.590668262,0.58226863,0.637249595,0.559918881,0.665481201,0.618176842,0.667702205,0.583940432,0.64157778,0.575150369,0.64083302
0.667847468,0.598081568,0.661242499,0.624463067,0.587586107,0.644792806,0.686360462,0.589655527,0.582821678,0.636573504,0.559960791,0.665042858,0.618361864,0.6663457,0.584396195,0.64104207,0.575285632,0.640946295
0.668219821,0.59754576,0.6614458,0.624530716,0.587936753,0.644785505,0.686455982,0.590476937,0.582936895,0.63627266,0.560159241,0.665953017,0.618231646,0.666198452,0.584686033,0.641409422,0.57559442,0.640135099
0.668251167,0.597201844,0.661511881,0.624816921,0.588218751,0.644520602,0.686376825,0.589391628,0.583425292,0.635736387,0.560324854,0.666952186,0.61825872,0.665757298,0.585195773,0.640603784,0.575900738,0.639596537
